original_filename,new_filename
Animal-Sound-Dataset/Kedi-Part1/cat_74.wav,cat_0.wav
Animal-Sound-Dataset/Kedi-Part1/cat_60.wav,cat_1.wav
Animal-Sound-Dataset/Kedi-Part1/cat_48.wav,cat_2.wav
Animal-Sound-Dataset/Kedi-Part1/cat_49.wav,cat_3.wav
Animal-Sound-Dataset/Kedi-Part1/cat_61.wav,cat_4.wav
Animal-Sound-Dataset/Kedi-Part1/cat_75.wav,cat_5.wav
Animal-Sound-Dataset/Kedi-Part1/cat_9.wav,cat_6.wav
Animal-Sound-Dataset/Kedi-Part1/cat_63.wav,cat_7.wav
Animal-Sound-Dataset/Kedi-Part1/cat_77.wav,cat_8.wav
Animal-Sound-Dataset/Kedi-Part1/cat_88.wav,cat_9.wav
Animal-Sound-Dataset/Kedi-Part1/cat_89.wav,cat_10.wav
Animal-Sound-Dataset/Kedi-Part1/cat_76.wav,cat_11.wav
Animal-Sound-Dataset/Kedi-Part1/cat_62.wav,cat_12.wav
Animal-Sound-Dataset/Kedi-Part1/cat_8.wav,cat_13.wav
Animal-Sound-Dataset/Kedi-Part1/cat_66.wav,cat_14.wav
Animal-Sound-Dataset/Kedi-Part1/cat_72.wav,cat_15.wav
Animal-Sound-Dataset/Kedi-Part1/cat_99.wav,cat_16.wav
Animal-Sound-Dataset/Kedi-Part1/cat_98.wav,cat_17.wav
Animal-Sound-Dataset/Kedi-Part1/cat_73.wav,cat_18.wav
Animal-Sound-Dataset/Kedi-Part1/cat_67.wav,cat_19.wav
Animal-Sound-Dataset/Kedi-Part1/cat_59.wav,cat_20.wav
Animal-Sound-Dataset/Kedi-Part1/cat_71.wav,cat_21.wav
Animal-Sound-Dataset/Kedi-Part1/cat_65.wav,cat_22.wav
Animal-Sound-Dataset/Kedi-Part1/cat_64.wav,cat_23.wav
Animal-Sound-Dataset/Kedi-Part1/cat_70.wav,cat_24.wav
Animal-Sound-Dataset/Kedi-Part1/cat_58.wav,cat_25.wav
Animal-Sound-Dataset/Kedi-Part1/cat_17.wav,cat_26.wav
Animal-Sound-Dataset/Kedi-Part1/cat_16.wav,cat_27.wav
Animal-Sound-Dataset/Kedi-Part1/cat_14.wav,cat_28.wav
Animal-Sound-Dataset/Kedi-Part1/cat_28.wav,cat_29.wav
Animal-Sound-Dataset/Kedi-Part1/cat_29.wav,cat_30.wav
Animal-Sound-Dataset/Kedi-Part1/cat_15.wav,cat_31.wav
Animal-Sound-Dataset/Kedi-Part1/cat_39.wav,cat_32.wav
Animal-Sound-Dataset/Kedi-Part1/cat_11.wav,cat_33.wav
Animal-Sound-Dataset/Kedi-Part1/cat_10.wav,cat_34.wav
Animal-Sound-Dataset/Kedi-Part1/cat_38.wav,cat_35.wav
Animal-Sound-Dataset/Kedi-Part1/cat_12.wav,cat_36.wav
Animal-Sound-Dataset/Kedi-Part1/cat_13.wav,cat_37.wav
Animal-Sound-Dataset/Kedi-Part1/cat_36.wav,cat_38.wav
Animal-Sound-Dataset/Kedi-Part1/cat_22.wav,cat_39.wav
Animal-Sound-Dataset/Kedi-Part1/cat_23.wav,cat_40.wav
Animal-Sound-Dataset/Kedi-Part1/cat_37.wav,cat_41.wav
Animal-Sound-Dataset/Kedi-Part1/cat_21.wav,cat_42.wav
Animal-Sound-Dataset/Kedi-Part1/cat_35.wav,cat_43.wav
Animal-Sound-Dataset/Kedi-Part1/cat_34.wav,cat_44.wav
Animal-Sound-Dataset/Kedi-Part1/cat_20.wav,cat_45.wav
Animal-Sound-Dataset/Kedi-Part1/cat_18.wav,cat_46.wav
Animal-Sound-Dataset/Kedi-Part1/cat_24.wav,cat_47.wav
Animal-Sound-Dataset/Kedi-Part1/cat_30.wav,cat_48.wav
Animal-Sound-Dataset/Kedi-Part1/cat_31.wav,cat_49.wav
Animal-Sound-Dataset/Kedi-Part1/cat_25.wav,cat_50.wav
Animal-Sound-Dataset/Kedi-Part1/cat_19.wav,cat_51.wav
Animal-Sound-Dataset/Kedi-Part1/cat_33.wav,cat_52.wav
Animal-Sound-Dataset/Kedi-Part1/cat_27.wav,cat_53.wav
Animal-Sound-Dataset/Kedi-Part1/cat_26.wav,cat_54.wav
Animal-Sound-Dataset/Kedi-Part1/cat_32.wav,cat_55.wav
Animal-Sound-Dataset/Kedi-Part1/cat_3.wav,cat_56.wav
Animal-Sound-Dataset/Kedi-Part1/cat_55.wav,cat_57.wav
Animal-Sound-Dataset/Kedi-Part1/cat_41.wav,cat_58.wav
Animal-Sound-Dataset/Kedi-Part1/cat_69.wav,cat_59.wav
Animal-Sound-Dataset/Kedi-Part1/cat_96.wav,cat_60.wav
Animal-Sound-Dataset/Kedi-Part1/cat_82.wav,cat_61.wav
Animal-Sound-Dataset/Kedi-Part1/cat_83.wav,cat_62.wav
Animal-Sound-Dataset/Kedi-Part1/cat_97.wav,cat_63.wav
Animal-Sound-Dataset/Kedi-Part1/cat_68.wav,cat_64.wav
Animal-Sound-Dataset/Kedi-Part1/cat_40.wav,cat_65.wav
Animal-Sound-Dataset/Kedi-Part1/cat_54.wav,cat_66.wav
Animal-Sound-Dataset/Kedi-Part1/cat_2.wav,cat_67.wav
Animal-Sound-Dataset/Kedi-Part1/cat_42.wav,cat_68.wav
Animal-Sound-Dataset/Kedi-Part1/cat_56.wav,cat_69.wav
Animal-Sound-Dataset/Kedi-Part1/cat_81.wav,cat_70.wav
Animal-Sound-Dataset/Kedi-Part1/cat_95.wav,cat_71.wav
Animal-Sound-Dataset/Kedi-Part1/cat_94.wav,cat_72.wav
Animal-Sound-Dataset/Kedi-Part1/cat_80.wav,cat_73.wav
Animal-Sound-Dataset/Kedi-Part1/cat_57.wav,cat_74.wav
Animal-Sound-Dataset/Kedi-Part1/cat_43.wav,cat_75.wav
Animal-Sound-Dataset/Kedi-Part1/cat_1.wav,cat_76.wav
Animal-Sound-Dataset/Kedi-Part1/cat_5.wav,cat_77.wav
Animal-Sound-Dataset/Kedi-Part1/cat_47.wav,cat_78.wav
Animal-Sound-Dataset/Kedi-Part1/cat_53.wav,cat_79.wav
Animal-Sound-Dataset/Kedi-Part1/cat_84.wav,cat_80.wav
Animal-Sound-Dataset/Kedi-Part1/cat_90.wav,cat_81.wav
Animal-Sound-Dataset/Kedi-Part1/cat_100.wav,cat_82.wav
Animal-Sound-Dataset/Kedi-Part1/cat_91.wav,cat_83.wav
Animal-Sound-Dataset/Kedi-Part1/cat_85.wav,cat_84.wav
Animal-Sound-Dataset/Kedi-Part1/cat_52.wav,cat_85.wav
Animal-Sound-Dataset/Kedi-Part1/cat_46.wav,cat_86.wav
Animal-Sound-Dataset/Kedi-Part1/cat_4.wav,cat_87.wav
Animal-Sound-Dataset/Kedi-Part1/cat_6.wav,cat_88.wav
Animal-Sound-Dataset/Kedi-Part1/cat_78.wav,cat_89.wav
Animal-Sound-Dataset/Kedi-Part1/cat_50.wav,cat_90.wav
Animal-Sound-Dataset/Kedi-Part1/cat_44.wav,cat_91.wav
Animal-Sound-Dataset/Kedi-Part1/cat_93.wav,cat_92.wav
Animal-Sound-Dataset/Kedi-Part1/cat_87.wav,cat_93.wav
Animal-Sound-Dataset/Kedi-Part1/cat_86.wav,cat_94.wav
Animal-Sound-Dataset/Kedi-Part1/cat_92.wav,cat_95.wav
Animal-Sound-Dataset/Kedi-Part1/cat_45.wav,cat_96.wav
Animal-Sound-Dataset/Kedi-Part1/cat_51.wav,cat_97.wav
Animal-Sound-Dataset/Kedi-Part1/cat_79.wav,cat_98.wav
Animal-Sound-Dataset/Kedi-Part1/cat_7.wav,cat_99.wav
Animal-Sound-Dataset/Kedi-Part2/cat_126.wav,cat_100.wav
Animal-Sound-Dataset/Kedi-Part2/cat_132.wav,cat_101.wav
Animal-Sound-Dataset/Kedi-Part2/cat_133.wav,cat_102.wav
Animal-Sound-Dataset/Kedi-Part2/cat_127.wav,cat_103.wav
Animal-Sound-Dataset/Kedi-Part2/cat_131.wav,cat_104.wav
Animal-Sound-Dataset/Kedi-Part2/cat_125.wav,cat_105.wav
Animal-Sound-Dataset/Kedi-Part2/cat_119.wav,cat_106.wav
Animal-Sound-Dataset/Kedi-Part2/cat_118.wav,cat_107.wav
Animal-Sound-Dataset/Kedi-Part2/cat_124.wav,cat_108.wav
Animal-Sound-Dataset/Kedi-Part2/cat_130.wav,cat_109.wav
Animal-Sound-Dataset/Kedi-Part2/cat_108.wav,cat_110.wav
Animal-Sound-Dataset/Kedi-Part2/cat_134.wav,cat_111.wav
Animal-Sound-Dataset/Kedi-Part2/cat_120.wav,cat_112.wav
Animal-Sound-Dataset/Kedi-Part2/cat_121.wav,cat_113.wav
Animal-Sound-Dataset/Kedi-Part2/cat_135.wav,cat_114.wav
Animal-Sound-Dataset/Kedi-Part2/cat_109.wav,cat_115.wav
Animal-Sound-Dataset/Kedi-Part2/cat_123.wav,cat_116.wav
Animal-Sound-Dataset/Kedi-Part2/cat_137.wav,cat_117.wav
Animal-Sound-Dataset/Kedi-Part2/cat_136.wav,cat_118.wav
Animal-Sound-Dataset/Kedi-Part2/cat_122.wav,cat_119.wav
Animal-Sound-Dataset/Kedi-Part2/cat_186.wav,cat_120.wav
Animal-Sound-Dataset/Kedi-Part2/cat_192.wav,cat_121.wav
Animal-Sound-Dataset/Kedi-Part2/cat_145.wav,cat_122.wav
Animal-Sound-Dataset/Kedi-Part2/cat_151.wav,cat_123.wav
Animal-Sound-Dataset/Kedi-Part2/cat_179.wav,cat_124.wav
Animal-Sound-Dataset/Kedi-Part2/cat_178.WAV,cat_125.wav
Animal-Sound-Dataset/Kedi-Part2/cat_150.wav,cat_126.wav
Animal-Sound-Dataset/Kedi-Part2/cat_144.wav,cat_127.wav
Animal-Sound-Dataset/Kedi-Part2/cat_193.wav,cat_128.wav
Animal-Sound-Dataset/Kedi-Part2/cat_187.wav,cat_129.wav
Animal-Sound-Dataset/Kedi-Part2/cat_191.wav,cat_130.wav
Animal-Sound-Dataset/Kedi-Part2/cat_185.wav,cat_131.wav
Animal-Sound-Dataset/Kedi-Part2/cat_152.wav,cat_132.wav
Animal-Sound-Dataset/Kedi-Part2/cat_146.wav,cat_133.wav
Animal-Sound-Dataset/Kedi-Part2/cat_147.wav,cat_134.wav
Animal-Sound-Dataset/Kedi-Part2/cat_153.wav,cat_135.wav
Animal-Sound-Dataset/Kedi-Part2/cat_184.wav,cat_136.wav
Animal-Sound-Dataset/Kedi-Part2/cat_190.wav,cat_137.wav
Animal-Sound-Dataset/Kedi-Part2/cat_194.wav,cat_138.wav
Animal-Sound-Dataset/Kedi-Part2/cat_180.wav,cat_139.wav
Animal-Sound-Dataset/Kedi-Part2/cat_157.wav,cat_140.wav
Animal-Sound-Dataset/Kedi-Part2/cat_143.wav,cat_141.wav
Animal-Sound-Dataset/Kedi-Part2/cat_142.wav,cat_142.wav
Animal-Sound-Dataset/Kedi-Part2/cat_156.wav,cat_143.wav
Animal-Sound-Dataset/Kedi-Part2/cat_181.wav,cat_144.wav
Animal-Sound-Dataset/Kedi-Part2/cat_195.wav,cat_145.wav
Animal-Sound-Dataset/Kedi-Part2/cat_183.wav,cat_146.wav
Animal-Sound-Dataset/Kedi-Part2/cat_197.wav,cat_147.wav
Animal-Sound-Dataset/Kedi-Part2/cat_168.wav,cat_148.wav
Animal-Sound-Dataset/Kedi-Part2/cat_140.wav,cat_149.wav
Animal-Sound-Dataset/Kedi-Part2/cat_154.wav,cat_150.wav
Animal-Sound-Dataset/Kedi-Part2/cat_155.wav,cat_151.wav
Animal-Sound-Dataset/Kedi-Part2/cat_141.wav,cat_152.wav
Animal-Sound-Dataset/Kedi-Part2/cat_169.wav,cat_153.wav
Animal-Sound-Dataset/Kedi-Part2/cat_196.wav,cat_154.wav
Animal-Sound-Dataset/Kedi-Part2/cat_182.wav,cat_155.wav
Animal-Sound-Dataset/Kedi-Part2/cat_164.wav,cat_156.wav
Animal-Sound-Dataset/Kedi-Part2/cat_170.wav,cat_157.wav
Animal-Sound-Dataset/Kedi-Part2/cat_158.wav,cat_158.wav
Animal-Sound-Dataset/Kedi-Part2/cat_159.wav,cat_159.wav
Animal-Sound-Dataset/Kedi-Part2/cat_171.wav,cat_160.wav
Animal-Sound-Dataset/Kedi-Part2/cat_165.wav,cat_161.wav
Animal-Sound-Dataset/Kedi-Part2/cat_198.wav,cat_162.wav
Animal-Sound-Dataset/Kedi-Part2/cat_173.wav,cat_163.wav
Animal-Sound-Dataset/Kedi-Part2/cat_167.wav,cat_164.wav
Animal-Sound-Dataset/Kedi-Part2/cat_166.wav,cat_165.wav
Animal-Sound-Dataset/Kedi-Part2/cat_172.wav,cat_166.wav
Animal-Sound-Dataset/Kedi-Part2/cat_199.wav,cat_167.wav
Animal-Sound-Dataset/Kedi-Part2/cat_200.wav,cat_168.wav
Animal-Sound-Dataset/Kedi-Part2/cat_189.wav,cat_169.wav
Animal-Sound-Dataset/Kedi-Part2/cat_176.wav,cat_170.wav
Animal-Sound-Dataset/Kedi-Part2/cat_162.wav,cat_171.wav
Animal-Sound-Dataset/Kedi-Part2/cat_163.wav,cat_172.wav
Animal-Sound-Dataset/Kedi-Part2/cat_177.wav,cat_173.wav
Animal-Sound-Dataset/Kedi-Part2/cat_188.wav,cat_174.wav
Animal-Sound-Dataset/Kedi-Part2/cat_149.wav,cat_175.wav
Animal-Sound-Dataset/Kedi-Part2/cat_161.wav,cat_176.wav
Animal-Sound-Dataset/Kedi-Part2/cat_175.wav,cat_177.wav
Animal-Sound-Dataset/Kedi-Part2/cat_174.wav,cat_178.wav
Animal-Sound-Dataset/Kedi-Part2/cat_160.wav,cat_179.wav
Animal-Sound-Dataset/Kedi-Part2/cat_148.wav,cat_180.wav
Animal-Sound-Dataset/Kedi-Part2/cat_107.wav,cat_181.wav
Animal-Sound-Dataset/Kedi-Part2/cat_113.wav,cat_182.wav
Animal-Sound-Dataset/Kedi-Part2/cat_112.wav,cat_183.wav
Animal-Sound-Dataset/Kedi-Part2/cat_106.wav,cat_184.wav
Animal-Sound-Dataset/Kedi-Part2/cat_110.wav,cat_185.wav
Animal-Sound-Dataset/Kedi-Part2/cat_104.wav,cat_186.wav
Animal-Sound-Dataset/Kedi-Part2/cat_138.wav,cat_187.wav
Animal-Sound-Dataset/Kedi-Part2/cat_139.wav,cat_188.wav
Animal-Sound-Dataset/Kedi-Part2/cat_105.wav,cat_189.wav
Animal-Sound-Dataset/Kedi-Part2/cat_111.wav,cat_190.wav
Animal-Sound-Dataset/Kedi-Part2/cat_129.wav,cat_191.wav
Animal-Sound-Dataset/Kedi-Part2/cat_115.wav,cat_192.wav
Animal-Sound-Dataset/Kedi-Part2/cat_101.wav,cat_193.wav
Animal-Sound-Dataset/Kedi-Part2/cat_114.wav,cat_194.wav
Animal-Sound-Dataset/Kedi-Part2/cat_128.wav,cat_195.wav
Animal-Sound-Dataset/Kedi-Part2/cat_102.wav,cat_196.wav
Animal-Sound-Dataset/Kedi-Part2/cat_116.wav,cat_197.wav
Animal-Sound-Dataset/Kedi-Part2/cat_117.wav,cat_198.wav
Animal-Sound-Dataset/Kedi-Part2/cat_103.wav,cat_199.wav
ESC-50/audio/1-34094-A-5.wav,cat_200.wav
ESC-50/audio/1-34094-B-5.wav,cat_201.wav
ESC-50/audio/1-47819-A-5.wav,cat_202.wav
ESC-50/audio/1-47819-B-5.wav,cat_203.wav
ESC-50/audio/1-47819-C-5.wav,cat_204.wav
ESC-50/audio/1-56380-A-5.wav,cat_205.wav
ESC-50/audio/1-56380-B-5.wav,cat_206.wav
ESC-50/audio/1-79113-A-5.wav,cat_207.wav
ESC-50/audio/2-110010-A-5.wav,cat_208.wav
ESC-50/audio/2-110011-A-5.wav,cat_209.wav
ESC-50/audio/2-69131-A-5.wav,cat_210.wav
ESC-50/audio/2-69131-B-5.wav,cat_211.wav
ESC-50/audio/2-82274-A-5.wav,cat_212.wav
ESC-50/audio/2-82274-B-5.wav,cat_213.wav
ESC-50/audio/2-83934-A-5.wav,cat_214.wav
ESC-50/audio/2-83934-B-5.wav,cat_215.wav
ESC-50/audio/3-146964-A-5.wav,cat_216.wav
ESC-50/audio/3-146965-A-5.wav,cat_217.wav
ESC-50/audio/3-146972-A-5.wav,cat_218.wav
ESC-50/audio/3-95694-A-5.wav,cat_219.wav
ESC-50/audio/3-95695-A-5.wav,cat_220.wav
ESC-50/audio/3-95695-B-5.wav,cat_221.wav
ESC-50/audio/3-95697-A-5.wav,cat_222.wav
ESC-50/audio/3-95698-A-5.wav,cat_223.wav
ESC-50/audio/4-120160-A-5.wav,cat_224.wav
ESC-50/audio/4-133047-A-5.wav,cat_225.wav
ESC-50/audio/4-133047-B-5.wav,cat_226.wav
ESC-50/audio/4-133047-C-5.wav,cat_227.wav
ESC-50/audio/4-149940-A-5.wav,cat_228.wav
ESC-50/audio/4-149940-B-5.wav,cat_229.wav
ESC-50/audio/4-161303-A-5.wav,cat_230.wav
ESC-50/audio/4-161303-B-5.wav,cat_231.wav
ESC-50/audio/5-169983-A-5.wav,cat_232.wav
ESC-50/audio/5-172299-A-5.wav,cat_233.wav
ESC-50/audio/5-172639-A-5.wav,cat_234.wav
ESC-50/audio/5-177614-A-5.wav,cat_235.wav
ESC-50/audio/5-214759-A-5.wav,cat_236.wav
ESC-50/audio/5-214759-B-5.wav,cat_237.wav
ESC-50/audio/5-256452-A-5.wav,cat_238.wav
ESC-50/audio/5-259169-A-5.wav,cat_239.wav
Animal-Sound-Dataset/Kopek-Part1/dog_99.wav,dog_0.wav
Animal-Sound-Dataset/Kopek-Part1/dog_72.wav,dog_1.wav
Animal-Sound-Dataset/Kopek-Part1/dog_66.wav,dog_2.wav
Animal-Sound-Dataset/Kopek-Part1/dog_67.wav,dog_3.wav
Animal-Sound-Dataset/Kopek-Part1/dog_73.wav,dog_4.wav
Animal-Sound-Dataset/Kopek-Part1/dog_98.wav,dog_5.wav
Animal-Sound-Dataset/Kopek-Part1/dog_59.wav,dog_6.wav
Animal-Sound-Dataset/Kopek-Part1/dog_65.wav,dog_7.wav
Animal-Sound-Dataset/Kopek-Part1/dog_71.wav,dog_8.wav
Animal-Sound-Dataset/Kopek-Part1/dog_70.wav,dog_9.wav
Animal-Sound-Dataset/Kopek-Part1/dog_64.wav,dog_10.wav
Animal-Sound-Dataset/Kopek-Part1/dog_58.wav,dog_11.wav
Animal-Sound-Dataset/Kopek-Part1/dog_60.wav,dog_12.wav
Animal-Sound-Dataset/Kopek-Part1/dog_74.wav,dog_13.wav
Animal-Sound-Dataset/Kopek-Part1/dog_48.wav,dog_14.wav
Animal-Sound-Dataset/Kopek-Part1/dog_49.wav,dog_15.wav
Animal-Sound-Dataset/Kopek-Part1/dog_75.wav,dog_16.wav
Animal-Sound-Dataset/Kopek-Part1/dog_61.wav,dog_17.wav
Animal-Sound-Dataset/Kopek-Part1/dog_88.wav,dog_18.wav
Animal-Sound-Dataset/Kopek-Part1/dog_77.wav,dog_19.wav
Animal-Sound-Dataset/Kopek-Part1/dog_63.wav,dog_20.wav
Animal-Sound-Dataset/Kopek-Part1/dog_62.wav,dog_21.wav
Animal-Sound-Dataset/Kopek-Part1/dog_76.wav,dog_22.wav
Animal-Sound-Dataset/Kopek-Part1/dog_89.wav,dog_23.wav
Animal-Sound-Dataset/Kopek-Part1/dog_39.wav,dog_24.wav
Animal-Sound-Dataset/Kopek-Part1/dog_11.wav,dog_25.wav
Animal-Sound-Dataset/Kopek-Part1/dog_10.wav,dog_26.wav
Animal-Sound-Dataset/Kopek-Part1/dog_38.wav,dog_27.wav
Animal-Sound-Dataset/Kopek-Part1/dog_12.wav,dog_28.wav
Animal-Sound-Dataset/Kopek-Part1/dog_13.wav,dog_29.wav
Animal-Sound-Dataset/Kopek-Part1/dog_17.wav,dog_30.wav
Animal-Sound-Dataset/Kopek-Part1/dog_16.wav,dog_31.wav
Animal-Sound-Dataset/Kopek-Part1/dog_8.wav,dog_32.wav
Animal-Sound-Dataset/Kopek-Part1/dog_14.wav,dog_33.wav
Animal-Sound-Dataset/Kopek-Part1/dog_28.wav,dog_34.wav
Animal-Sound-Dataset/Kopek-Part1/dog_29.wav,dog_35.wav
Animal-Sound-Dataset/Kopek-Part1/dog_15.wav,dog_36.wav
Animal-Sound-Dataset/Kopek-Part1/dog_9.wav,dog_37.wav
Animal-Sound-Dataset/Kopek-Part1/dog_4.wav,dog_38.wav
Animal-Sound-Dataset/Kopek-Part1/dog_18.wav,dog_39.wav
Animal-Sound-Dataset/Kopek-Part1/dog_30.wav,dog_40.wav
Animal-Sound-Dataset/Kopek-Part1/dog_24.wav,dog_41.wav
Animal-Sound-Dataset/Kopek-Part1/dog_25.wav,dog_42.wav
Animal-Sound-Dataset/Kopek-Part1/dog_31.wav,dog_43.wav
Animal-Sound-Dataset/Kopek-Part1/dog_19.wav,dog_44.wav
Animal-Sound-Dataset/Kopek-Part1/dog_5.wav,dog_45.wav
Animal-Sound-Dataset/Kopek-Part1/dog_7.wav,dog_46.wav
Animal-Sound-Dataset/Kopek-Part1/dog_27.wav,dog_47.wav
Animal-Sound-Dataset/Kopek-Part1/dog_33.wav,dog_48.wav
Animal-Sound-Dataset/Kopek-Part1/dog_32.wav,dog_49.wav
Animal-Sound-Dataset/Kopek-Part1/dog_26.wav,dog_50.wav
Animal-Sound-Dataset/Kopek-Part1/dog_6.wav,dog_51.wav
Animal-Sound-Dataset/Kopek-Part1/dog_2.wav,dog_52.wav
Animal-Sound-Dataset/Kopek-Part1/dog_22.wav,dog_53.wav
Animal-Sound-Dataset/Kopek-Part1/dog_36.wav,dog_54.wav
Animal-Sound-Dataset/Kopek-Part1/dog_37.wav,dog_55.wav
Animal-Sound-Dataset/Kopek-Part1/dog_23.wav,dog_56.wav
Animal-Sound-Dataset/Kopek-Part1/dog_3.wav,dog_57.wav
Animal-Sound-Dataset/Kopek-Part1/dog_1.wav,dog_58.wav
Animal-Sound-Dataset/Kopek-Part1/dog_35.wav,dog_59.wav
Animal-Sound-Dataset/Kopek-Part1/dog_21.wav,dog_60.wav
Animal-Sound-Dataset/Kopek-Part1/dog_20.wav,dog_61.wav
Animal-Sound-Dataset/Kopek-Part1/dog_34.wav,dog_62.wav
Animal-Sound-Dataset/Kopek-Part1/dog_90.wav,dog_63.wav
Animal-Sound-Dataset/Kopek-Part1/dog_84.wav,dog_64.wav
Animal-Sound-Dataset/Kopek-Part1/dog_53.wav,dog_65.wav
Animal-Sound-Dataset/Kopek-Part1/dog_47.wav,dog_66.wav
Animal-Sound-Dataset/Kopek-Part1/dog_46.wav,dog_67.wav
Animal-Sound-Dataset/Kopek-Part1/dog_52.wav,dog_68.wav
Animal-Sound-Dataset/Kopek-Part1/dog_85.wav,dog_69.wav
Animal-Sound-Dataset/Kopek-Part1/dog_91.wav,dog_70.wav
Animal-Sound-Dataset/Kopek-Part1/dog_87.wav,dog_71.wav
Animal-Sound-Dataset/Kopek-Part1/dog_93.wav,dog_72.wav
Animal-Sound-Dataset/Kopek-Part1/dog_78.wav,dog_73.wav
Animal-Sound-Dataset/Kopek-Part1/dog_44.wav,dog_74.wav
Animal-Sound-Dataset/Kopek-Part1/dog_50.wav,dog_75.wav
Animal-Sound-Dataset/Kopek-Part1/dog_51.wav,dog_76.wav
Animal-Sound-Dataset/Kopek-Part1/dog_45.wav,dog_77.wav
Animal-Sound-Dataset/Kopek-Part1/dog_79.wav,dog_78.wav
Animal-Sound-Dataset/Kopek-Part1/dog_92.wav,dog_79.wav
Animal-Sound-Dataset/Kopek-Part1/dog_86.wav,dog_80.wav
Animal-Sound-Dataset/Kopek-Part1/dog_82.wav,dog_81.wav
Animal-Sound-Dataset/Kopek-Part1/dog_96.wav,dog_82.wav
Animal-Sound-Dataset/Kopek-Part1/dog_41.wav,dog_83.wav
Animal-Sound-Dataset/Kopek-Part1/dog_55.wav,dog_84.wav
Animal-Sound-Dataset/Kopek-Part1/dog_69.wav,dog_85.wav
Animal-Sound-Dataset/Kopek-Part1/dog_100.wav,dog_86.wav
Animal-Sound-Dataset/Kopek-Part1/dog_68.wav,dog_87.wav
Animal-Sound-Dataset/Kopek-Part1/dog_54.wav,dog_88.wav
Animal-Sound-Dataset/Kopek-Part1/dog_40.wav,dog_89.wav
Animal-Sound-Dataset/Kopek-Part1/dog_97.wav,dog_90.wav
Animal-Sound-Dataset/Kopek-Part1/dog_83.wav,dog_91.wav
Animal-Sound-Dataset/Kopek-Part1/dog_95.wav,dog_92.wav
Animal-Sound-Dataset/Kopek-Part1/dog_81.wav,dog_93.wav
Animal-Sound-Dataset/Kopek-Part1/dog_56.wav,dog_94.wav
Animal-Sound-Dataset/Kopek-Part1/dog_42.wav,dog_95.wav
Animal-Sound-Dataset/Kopek-Part1/dog_43.wav,dog_96.wav
Animal-Sound-Dataset/Kopek-Part1/dog_57.wav,dog_97.wav
Animal-Sound-Dataset/Kopek-Part1/dog_80.wav,dog_98.wav
Animal-Sound-Dataset/Kopek-Part1/dog_94.wav,dog_99.wav
Animal-Sound-Dataset/Kopek-Part2/dog_126.wav,dog_100.wav
Animal-Sound-Dataset/Kopek-Part2/dog_132.wav,dog_101.wav
Animal-Sound-Dataset/Kopek-Part2/dog_133.wav,dog_102.wav
Animal-Sound-Dataset/Kopek-Part2/dog_127.wav,dog_103.wav
Animal-Sound-Dataset/Kopek-Part2/dog_119.wav,dog_104.wav
Animal-Sound-Dataset/Kopek-Part2/dog_131.wav,dog_105.wav
Animal-Sound-Dataset/Kopek-Part2/dog_125.wav,dog_106.wav
Animal-Sound-Dataset/Kopek-Part2/dog_124.wav,dog_107.wav
Animal-Sound-Dataset/Kopek-Part2/dog_130.wav,dog_108.wav
Animal-Sound-Dataset/Kopek-Part2/dog_118.wav,dog_109.wav
Animal-Sound-Dataset/Kopek-Part2/dog_134.WAV,dog_110.wav
Animal-Sound-Dataset/Kopek-Part2/dog_120.wav,dog_111.wav
Animal-Sound-Dataset/Kopek-Part2/dog_108.wav,dog_112.wav
Animal-Sound-Dataset/Kopek-Part2/dog_109.wav,dog_113.wav
Animal-Sound-Dataset/Kopek-Part2/dog_121.wav,dog_114.wav
Animal-Sound-Dataset/Kopek-Part2/dog_135.WAV,dog_115.wav
Animal-Sound-Dataset/Kopek-Part2/dog_123.wav,dog_116.wav
Animal-Sound-Dataset/Kopek-Part2/dog_137.wav,dog_117.wav
Animal-Sound-Dataset/Kopek-Part2/dog_136.wav,dog_118.wav
Animal-Sound-Dataset/Kopek-Part2/dog_122.wav,dog_119.wav
Animal-Sound-Dataset/Kopek-Part2/dog_179.wav,dog_120.wav
Animal-Sound-Dataset/Kopek-Part2/dog_145.wav,dog_121.wav
Animal-Sound-Dataset/Kopek-Part2/dog_151.wav,dog_122.wav
Animal-Sound-Dataset/Kopek-Part2/dog_186.WAV,dog_123.wav
Animal-Sound-Dataset/Kopek-Part2/dog_192.wav,dog_124.wav
Animal-Sound-Dataset/Kopek-Part2/dog_193.WAV,dog_125.wav
Animal-Sound-Dataset/Kopek-Part2/dog_187.wav,dog_126.wav
Animal-Sound-Dataset/Kopek-Part2/dog_150.wav,dog_127.wav
Animal-Sound-Dataset/Kopek-Part2/dog_144.wav,dog_128.wav
Animal-Sound-Dataset/Kopek-Part2/dog_178.wav,dog_129.wav
Animal-Sound-Dataset/Kopek-Part2/dog_152.wav,dog_130.wav
Animal-Sound-Dataset/Kopek-Part2/dog_146.wav,dog_131.wav
Animal-Sound-Dataset/Kopek-Part2/dog_191.wav,dog_132.wav
Animal-Sound-Dataset/Kopek-Part2/dog_185.wav,dog_133.wav
Animal-Sound-Dataset/Kopek-Part2/dog_184.wav,dog_134.wav
Animal-Sound-Dataset/Kopek-Part2/dog_190.wav,dog_135.wav
Animal-Sound-Dataset/Kopek-Part2/dog_147.wav,dog_136.wav
Animal-Sound-Dataset/Kopek-Part2/dog_153.wav,dog_137.wav
Animal-Sound-Dataset/Kopek-Part2/dog_157.wav,dog_138.wav
Animal-Sound-Dataset/Kopek-Part2/dog_143.wav,dog_139.wav
Animal-Sound-Dataset/Kopek-Part2/dog_194.wav,dog_140.wav
Animal-Sound-Dataset/Kopek-Part2/dog_180.wav,dog_141.wav
Animal-Sound-Dataset/Kopek-Part2/dog_181.wav,dog_142.wav
Animal-Sound-Dataset/Kopek-Part2/dog_195.wav,dog_143.wav
Animal-Sound-Dataset/Kopek-Part2/dog_142.wav,dog_144.wav
Animal-Sound-Dataset/Kopek-Part2/dog_156.wav,dog_145.wav
Animal-Sound-Dataset/Kopek-Part2/dog_140.wav,dog_146.wav
Animal-Sound-Dataset/Kopek-Part2/dog_154.wav,dog_147.wav
Animal-Sound-Dataset/Kopek-Part2/dog_168.wav,dog_148.wav
Animal-Sound-Dataset/Kopek-Part2/dog_183.wav,dog_149.wav
Animal-Sound-Dataset/Kopek-Part2/dog_197.wav,dog_150.wav
Animal-Sound-Dataset/Kopek-Part2/dog_196.WAV,dog_151.wav
Animal-Sound-Dataset/Kopek-Part2/dog_182.wav,dog_152.wav
Animal-Sound-Dataset/Kopek-Part2/dog_169.wav,dog_153.wav
Animal-Sound-Dataset/Kopek-Part2/dog_155.wav,dog_154.wav
Animal-Sound-Dataset/Kopek-Part2/dog_141.wav,dog_155.wav
Animal-Sound-Dataset/Kopek-Part2/dog_158.wav,dog_156.wav
Animal-Sound-Dataset/Kopek-Part2/dog_164.wav,dog_157.wav
Animal-Sound-Dataset/Kopek-Part2/dog_170.wav,dog_158.wav
Animal-Sound-Dataset/Kopek-Part2/dog_171.wav,dog_159.wav
Animal-Sound-Dataset/Kopek-Part2/dog_165.wav,dog_160.wav
Animal-Sound-Dataset/Kopek-Part2/dog_159.wav,dog_161.wav
Animal-Sound-Dataset/Kopek-Part2/dog_173.wav,dog_162.wav
Animal-Sound-Dataset/Kopek-Part2/dog_167.wav,dog_163.wav
Animal-Sound-Dataset/Kopek-Part2/dog_198.wav,dog_164.wav
Animal-Sound-Dataset/Kopek-Part2/dog_199.wav,dog_165.wav
Animal-Sound-Dataset/Kopek-Part2/dog_166.wav,dog_166.wav
Animal-Sound-Dataset/Kopek-Part2/dog_172.wav,dog_167.wav
Animal-Sound-Dataset/Kopek-Part2/dog_200.wav,dog_168.wav
Animal-Sound-Dataset/Kopek-Part2/dog_176.wav,dog_169.wav
Animal-Sound-Dataset/Kopek-Part2/dog_162.WAV,dog_170.wav
Animal-Sound-Dataset/Kopek-Part2/dog_189.wav,dog_171.wav
Animal-Sound-Dataset/Kopek-Part2/dog_188.wav,dog_172.wav
Animal-Sound-Dataset/Kopek-Part2/dog_163.WAV,dog_173.wav
Animal-Sound-Dataset/Kopek-Part2/dog_177.wav,dog_174.wav
Animal-Sound-Dataset/Kopek-Part2/dog_161.WAV,dog_175.wav
Animal-Sound-Dataset/Kopek-Part2/dog_175.wav,dog_176.wav
Animal-Sound-Dataset/Kopek-Part2/dog_149.wav,dog_177.wav
Animal-Sound-Dataset/Kopek-Part2/dog_148.wav,dog_178.wav
Animal-Sound-Dataset/Kopek-Part2/dog_174.wav,dog_179.wav
Animal-Sound-Dataset/Kopek-Part2/dog_160.wav,dog_180.wav
Animal-Sound-Dataset/Kopek-Part2/dog_107.wav,dog_181.wav
Animal-Sound-Dataset/Kopek-Part2/dog_113.wav,dog_182.wav
Animal-Sound-Dataset/Kopek-Part2/dog_112.wav,dog_183.wav
Animal-Sound-Dataset/Kopek-Part2/dog_106.wav,dog_184.wav
Animal-Sound-Dataset/Kopek-Part2/dog_138.wav,dog_185.wav
Animal-Sound-Dataset/Kopek-Part2/dog_110.wav,dog_186.wav
Animal-Sound-Dataset/Kopek-Part2/dog_104.wav,dog_187.wav
Animal-Sound-Dataset/Kopek-Part2/dog_105.wav,dog_188.wav
Animal-Sound-Dataset/Kopek-Part2/dog_111.wav,dog_189.wav
Animal-Sound-Dataset/Kopek-Part2/dog_139.wav,dog_190.wav
Animal-Sound-Dataset/Kopek-Part2/dog_115.wav,dog_191.wav
Animal-Sound-Dataset/Kopek-Part2/dog_101.wav,dog_192.wav
Animal-Sound-Dataset/Kopek-Part2/dog_129.wav,dog_193.wav
Animal-Sound-Dataset/Kopek-Part2/dog_128.wav,dog_194.wav
Animal-Sound-Dataset/Kopek-Part2/dog_114.wav,dog_195.wav
Animal-Sound-Dataset/Kopek-Part2/dog_102.wav,dog_196.wav
Animal-Sound-Dataset/Kopek-Part2/dog_116.WAV,dog_197.wav
Animal-Sound-Dataset/Kopek-Part2/dog_117.wav,dog_198.wav
Animal-Sound-Dataset/Kopek-Part2/dog_103.wav,dog_199.wav
ESC-50/audio/1-100032-A-0.wav,dog_200.wav
ESC-50/audio/1-110389-A-0.wav,dog_201.wav
ESC-50/audio/1-30226-A-0.wav,dog_202.wav
ESC-50/audio/1-30344-A-0.wav,dog_203.wav
ESC-50/audio/1-32318-A-0.wav,dog_204.wav
ESC-50/audio/1-59513-A-0.wav,dog_205.wav
ESC-50/audio/1-85362-A-0.wav,dog_206.wav
ESC-50/audio/1-97392-A-0.wav,dog_207.wav
ESC-50/audio/2-114280-A-0.wav,dog_208.wav
ESC-50/audio/2-114587-A-0.wav,dog_209.wav
ESC-50/audio/2-116400-A-0.wav,dog_210.wav
ESC-50/audio/2-117271-A-0.wav,dog_211.wav
ESC-50/audio/2-118072-A-0.wav,dog_212.wav
ESC-50/audio/2-118964-A-0.wav,dog_213.wav
ESC-50/audio/2-122104-A-0.wav,dog_214.wav
ESC-50/audio/2-122104-B-0.wav,dog_215.wav
ESC-50/audio/3-136288-A-0.wav,dog_216.wav
ESC-50/audio/3-144028-A-0.wav,dog_217.wav
ESC-50/audio/3-155312-A-0.wav,dog_218.wav
ESC-50/audio/3-157695-A-0.wav,dog_219.wav
ESC-50/audio/3-163459-A-0.wav,dog_220.wav
ESC-50/audio/3-170015-A-0.wav,dog_221.wav
ESC-50/audio/3-180256-A-0.wav,dog_222.wav
ESC-50/audio/3-180977-A-0.wav,dog_223.wav
ESC-50/audio/4-182395-A-0.wav,dog_224.wav
ESC-50/audio/4-183992-A-0.wav,dog_225.wav
ESC-50/audio/4-184575-A-0.wav,dog_226.wav
ESC-50/audio/4-191687-A-0.wav,dog_227.wav
ESC-50/audio/4-192236-A-0.wav,dog_228.wav
ESC-50/audio/4-194754-A-0.wav,dog_229.wav
ESC-50/audio/4-199261-A-0.wav,dog_230.wav
ESC-50/audio/4-207124-A-0.wav,dog_231.wav
ESC-50/audio/5-203128-A-0.wav,dog_232.wav
ESC-50/audio/5-203128-B-0.wav,dog_233.wav
ESC-50/audio/5-208030-A-0.wav,dog_234.wav
ESC-50/audio/5-212454-A-0.wav,dog_235.wav
ESC-50/audio/5-213855-A-0.wav,dog_236.wav
ESC-50/audio/5-217158-A-0.wav,dog_237.wav
ESC-50/audio/5-231762-A-0.wav,dog_238.wav
ESC-50/audio/5-9032-A-0.wav,dog_239.wav
Animal-Sound-Dataset/Kurbaga/kurbaga_8.wav,frog_0.wav
Animal-Sound-Dataset/Kurbaga/kurbaga_9.wav,frog_1.wav
Animal-Sound-Dataset/Kurbaga/kurbaga_21.wav,frog_2.wav
Animal-Sound-Dataset/Kurbaga/kurbaga_35.wav,frog_3.wav
Animal-Sound-Dataset/Kurbaga/kurbaga_34.wav,frog_4.wav
Animal-Sound-Dataset/Kurbaga/kurbaga_20.wav,frog_5.wav
Animal-Sound-Dataset/Kurbaga/kurbaga_22.wav,frog_6.wav
Animal-Sound-Dataset/Kurbaga/kurbaga_23.wav,frog_7.wav
Animal-Sound-Dataset/Kurbaga/kurbaga_33.wav,frog_8.wav
Animal-Sound-Dataset/Kurbaga/kurbaga_27.wav,frog_9.wav
Animal-Sound-Dataset/Kurbaga/kurbaga_26.wav,frog_10.wav
Animal-Sound-Dataset/Kurbaga/kurbaga_32.wav,frog_11.wav
Animal-Sound-Dataset/Kurbaga/kurbaga_24.wav,frog_12.wav
Animal-Sound-Dataset/Kurbaga/kurbaga_30.wav,frog_13.wav
Animal-Sound-Dataset/Kurbaga/kurbaga_18.wav,frog_14.wav
Animal-Sound-Dataset/Kurbaga/kurbaga_19.wav,frog_15.wav
Animal-Sound-Dataset/Kurbaga/kurbaga_31.wav,frog_16.wav
Animal-Sound-Dataset/Kurbaga/kurbaga_25.wav,frog_17.wav
Animal-Sound-Dataset/Kurbaga/kurbaga_28.wav,frog_18.wav
Animal-Sound-Dataset/Kurbaga/kurbaga_14.wav,frog_19.wav
Animal-Sound-Dataset/Kurbaga/kurbaga_15.wav,frog_20.wav
Animal-Sound-Dataset/Kurbaga/kurbaga_29.wav,frog_21.wav
Animal-Sound-Dataset/Kurbaga/kurbaga_17.wav,frog_22.wav
Animal-Sound-Dataset/Kurbaga/kurbaga_16.wav,frog_23.wav
Animal-Sound-Dataset/Kurbaga/kurbaga_12.wav,frog_24.wav
Animal-Sound-Dataset/Kurbaga/kurbaga_13.wav,frog_25.wav
Animal-Sound-Dataset/Kurbaga/kurbaga_11.wav,frog_26.wav
Animal-Sound-Dataset/Kurbaga/kurbaga_10.wav,frog_27.wav
Animal-Sound-Dataset/Kurbaga/kurbaga_1.wav,frog_28.wav
Animal-Sound-Dataset/Kurbaga/kurbaga_2.wav,frog_29.wav
Animal-Sound-Dataset/Kurbaga/kurbaga_3.wav,frog_30.wav
Animal-Sound-Dataset/Kurbaga/kurbaga_7.wav,frog_31.wav
Animal-Sound-Dataset/Kurbaga/kurbaga_6.wav,frog_32.wav
Animal-Sound-Dataset/Kurbaga/kurbaga_4.wav,frog_33.wav
Animal-Sound-Dataset/Kurbaga/kurbaga_5.wav,frog_34.wav
ESC-50/audio/1-15689-A-4.wav,frog_35.wav
ESC-50/audio/1-15689-B-4.wav,frog_36.wav
ESC-50/audio/1-17970-A-4.wav,frog_37.wav
ESC-50/audio/1-18755-A-4.wav,frog_38.wav
ESC-50/audio/1-18755-B-4.wav,frog_39.wav
ESC-50/audio/1-18757-A-4.wav,frog_40.wav
ESC-50/audio/1-31836-A-4.wav,frog_41.wav
ESC-50/audio/1-31836-B-4.wav,frog_42.wav
ESC-50/audio/2-32515-A-4.wav,frog_43.wav
ESC-50/audio/2-32515-B-4.wav,frog_44.wav
ESC-50/audio/2-32515-C-4.wav,frog_45.wav
ESC-50/audio/2-32515-D-4.wav,frog_46.wav
ESC-50/audio/2-32834-A-4.wav,frog_47.wav
ESC-50/audio/2-52085-A-4.wav,frog_48.wav
ESC-50/audio/2-52085-B-4.wav,frog_49.wav
ESC-50/audio/2-52789-A-4.wav,frog_50.wav
ESC-50/audio/3-102908-A-4.wav,frog_51.wav
ESC-50/audio/3-70962-A-4.wav,frog_52.wav
ESC-50/audio/3-70962-B-4.wav,frog_53.wav
ESC-50/audio/3-70962-C-4.wav,frog_54.wav
ESC-50/audio/3-71964-A-4.wav,frog_55.wav
ESC-50/audio/3-71964-B-4.wav,frog_56.wav
ESC-50/audio/3-71964-C-4.wav,frog_57.wav
ESC-50/audio/3-83527-A-4.wav,frog_58.wav
ESC-50/audio/4-130584-A-4.wav,frog_59.wav
ESC-50/audio/4-154793-A-4.wav,frog_60.wav
ESC-50/audio/4-99193-A-4.wav,frog_61.wav
ESC-50/audio/4-99193-B-4.wav,frog_62.wav
ESC-50/audio/4-99644-A-4.wav,frog_63.wav
ESC-50/audio/4-99644-B-4.wav,frog_64.wav
ESC-50/audio/4-99644-C-4.wav,frog_65.wav
ESC-50/audio/4-99644-D-4.wav,frog_66.wav
ESC-50/audio/5-156026-A-4.wav,frog_67.wav
ESC-50/audio/5-156026-B-4.wav,frog_68.wav
ESC-50/audio/5-156026-C-4.wav,frog_69.wav
ESC-50/audio/5-156026-D-4.wav,frog_70.wav
ESC-50/audio/5-187201-A-4.wav,frog_71.wav
ESC-50/audio/5-187201-B-4.wav,frog_72.wav
ESC-50/audio/5-189795-A-4.wav,frog_73.wav
ESC-50/audio/5-237499-A-4.wav,frog_74.wav
Animal-Sound-Dataset/Koyun/koyun_40.wav,sheep_0.wav
Animal-Sound-Dataset/Koyun/koyun_8.wav,sheep_1.wav
Animal-Sound-Dataset/Koyun/koyun_9.wav,sheep_2.wav
Animal-Sound-Dataset/Koyun/koyun_22.wav,sheep_3.wav
Animal-Sound-Dataset/Koyun/koyun_36.wav,sheep_4.wav
Animal-Sound-Dataset/Koyun/koyun_37.wav,sheep_5.wav
Animal-Sound-Dataset/Koyun/koyun_23.wav,sheep_6.wav
Animal-Sound-Dataset/Koyun/koyun_35.wav,sheep_7.wav
Animal-Sound-Dataset/Koyun/koyun_21.wav,sheep_8.wav
Animal-Sound-Dataset/Koyun/koyun_20.wav,sheep_9.wav
Animal-Sound-Dataset/Koyun/koyun_34.wav,sheep_10.wav
Animal-Sound-Dataset/Koyun/koyun_30.wav,sheep_11.wav
Animal-Sound-Dataset/Koyun/koyun_24.wav,sheep_12.wav
Animal-Sound-Dataset/Koyun/koyun_18.wav,sheep_13.wav
Animal-Sound-Dataset/Koyun/koyun_19.wav,sheep_14.wav
Animal-Sound-Dataset/Koyun/koyun_25.wav,sheep_15.wav
Animal-Sound-Dataset/Koyun/koyun_31.wav,sheep_16.wav
Animal-Sound-Dataset/Koyun/koyun_27.wav,sheep_17.wav
Animal-Sound-Dataset/Koyun/koyun_33.wav,sheep_18.wav
Animal-Sound-Dataset/Koyun/koyun_32.wav,sheep_19.wav
Animal-Sound-Dataset/Koyun/koyun_26.wav,sheep_20.wav
Animal-Sound-Dataset/Koyun/koyun_17.wav,sheep_21.wav
Animal-Sound-Dataset/Koyun/koyun_16.wav,sheep_22.wav
Animal-Sound-Dataset/Koyun/koyun_28.wav,sheep_23.wav
Animal-Sound-Dataset/Koyun/koyun_14.wav,sheep_24.wav
Animal-Sound-Dataset/Koyun/koyun_15.wav,sheep_25.wav
Animal-Sound-Dataset/Koyun/koyun_29.wav,sheep_26.wav
Animal-Sound-Dataset/Koyun/koyun_11.wav,sheep_27.wav
Animal-Sound-Dataset/Koyun/koyun_39.wav,sheep_28.wav
Animal-Sound-Dataset/Koyun/koyun_38.wav,sheep_29.wav
Animal-Sound-Dataset/Koyun/koyun_10.wav,sheep_30.wav
Animal-Sound-Dataset/Koyun/koyun_12.wav,sheep_31.wav
Animal-Sound-Dataset/Koyun/koyun_13.wav,sheep_32.wav
Animal-Sound-Dataset/Koyun/koyun_4.wav,sheep_33.wav
Animal-Sound-Dataset/Koyun/koyun_5.wav,sheep_34.wav
Animal-Sound-Dataset/Koyun/koyun_7.wav,sheep_35.wav
Animal-Sound-Dataset/Koyun/koyun_6.wav,sheep_36.wav
Animal-Sound-Dataset/Koyun/koyun_2.wav,sheep_37.wav
Animal-Sound-Dataset/Koyun/koyun_3.wav,sheep_38.wav
Animal-Sound-Dataset/Koyun/koyun_1.wav,sheep_39.wav
ESC-50/audio/1-121951-A-8.wav,sheep_40.wav
ESC-50/audio/1-196660-A-8.wav,sheep_41.wav
ESC-50/audio/1-196660-B-8.wav,sheep_42.wav
ESC-50/audio/1-49409-A-8.wav,sheep_43.wav
ESC-50/audio/1-49409-B-8.wav,sheep_44.wav
ESC-50/audio/1-57795-A-8.wav,sheep_45.wav
ESC-50/audio/1-75190-A-8.wav,sheep_46.wav
ESC-50/audio/1-88574-A-8.wav,sheep_47.wav
ESC-50/audio/2-110614-A-8.wav,sheep_48.wav
ESC-50/audio/2-110614-B-8.wav,sheep_49.wav
ESC-50/audio/2-119161-A-8.wav,sheep_50.wav
ESC-50/audio/2-119161-B-8.wav,sheep_51.wav
ESC-50/audio/2-119161-C-8.wav,sheep_52.wav
ESC-50/audio/2-182508-A-8.wav,sheep_53.wav
ESC-50/audio/2-182508-B-8.wav,sheep_54.wav
ESC-50/audio/2-196688-A-8.wav,sheep_55.wav
ESC-50/audio/3-140199-A-8.wav,sheep_56.wav
ESC-50/audio/3-140199-B-8.wav,sheep_57.wav
ESC-50/audio/3-140199-C-8.wav,sheep_58.wav
ESC-50/audio/3-140199-D-8.wav,sheep_59.wav
ESC-50/audio/3-197408-A-8.wav,sheep_60.wav
ESC-50/audio/3-197408-B-8.wav,sheep_61.wav
ESC-50/audio/3-197408-C-8.wav,sheep_62.wav
ESC-50/audio/3-20861-A-8.wav,sheep_63.wav
ESC-50/audio/4-188703-A-8.wav,sheep_64.wav
ESC-50/audio/4-188703-B-8.wav,sheep_65.wav
ESC-50/audio/4-188703-C-8.wav,sheep_66.wav
ESC-50/audio/4-188703-D-8.wav,sheep_67.wav
ESC-50/audio/4-196671-A-8.wav,sheep_68.wav
ESC-50/audio/4-196671-B-8.wav,sheep_69.wav
ESC-50/audio/4-196672-A-8.wav,sheep_70.wav
ESC-50/audio/4-250864-A-8.wav,sheep_71.wav
ESC-50/audio/5-198891-A-8.wav,sheep_72.wav
ESC-50/audio/5-198891-B-8.wav,sheep_73.wav
ESC-50/audio/5-198891-C-8.wav,sheep_74.wav
ESC-50/audio/5-198891-D-8.wav,sheep_75.wav
ESC-50/audio/5-200329-A-8.wav,sheep_76.wav
ESC-50/audio/5-200329-B-8.wav,sheep_77.wav
ESC-50/audio/5-200329-C-8.wav,sheep_78.wav
ESC-50/audio/5-61635-A-8.wav,sheep_79.wav
Animal-Sound-Dataset/Inek/inek_13.wav,cow_0.wav
Animal-Sound-Dataset/Inek/inek_12.wav,cow_1.wav
Animal-Sound-Dataset/Inek/inek_10.wav,cow_2.wav
Animal-Sound-Dataset/Inek/inek_38.wav,cow_3.wav
Animal-Sound-Dataset/Inek/inek_39.wav,cow_4.wav
Animal-Sound-Dataset/Inek/inek_11.wav,cow_5.wav
Animal-Sound-Dataset/Inek/inek_29.wav,cow_6.wav
Animal-Sound-Dataset/Inek/inek_15.wav,cow_7.wav
Animal-Sound-Dataset/Inek/inek_14.wav,cow_8.wav
Animal-Sound-Dataset/Inek/inek_28.wav,cow_9.wav
Animal-Sound-Dataset/Inek/inek_16.wav,cow_10.wav
Animal-Sound-Dataset/Inek/inek_17.wav,cow_11.wav
Animal-Sound-Dataset/Inek/inek_70.wav,cow_12.wav
Animal-Sound-Dataset/Inek/inek_64.wav,cow_13.wav
Animal-Sound-Dataset/Inek/inek_5.wav,cow_14.wav
Animal-Sound-Dataset/Inek/inek_58.wav,cow_15.wav
Animal-Sound-Dataset/Inek/inek_4.wav,cow_16.wav
Animal-Sound-Dataset/Inek/inek_59.wav,cow_17.wav
Animal-Sound-Dataset/Inek/inek_65.wav,cow_18.wav
Animal-Sound-Dataset/Inek/inek_71.wav,cow_19.wav
Animal-Sound-Dataset/Inek/inek_67.wav,cow_20.wav
Animal-Sound-Dataset/Inek/inek_73.wav,cow_21.wav
Animal-Sound-Dataset/Inek/inek_6.wav,cow_22.wav
Animal-Sound-Dataset/Inek/inek_7.wav,cow_23.wav
Animal-Sound-Dataset/Inek/inek_72.wav,cow_24.wav
Animal-Sound-Dataset/Inek/inek_66.wav,cow_25.wav
Animal-Sound-Dataset/Inek/inek_3.wav,cow_26.wav
Animal-Sound-Dataset/Inek/inek_62.wav,cow_27.wav
Animal-Sound-Dataset/Inek/inek_63.wav,cow_28.wav
Animal-Sound-Dataset/Inek/inek_2.wav,cow_29.wav
Animal-Sound-Dataset/Inek/inek_49.wav,cow_30.wav
Animal-Sound-Dataset/Inek/inek_75.wav,cow_31.wav
Animal-Sound-Dataset/Inek/inek_61.wav,cow_32.wav
Animal-Sound-Dataset/Inek/inek_60.wav,cow_33.wav
Animal-Sound-Dataset/Inek/inek_74.wav,cow_34.wav
Animal-Sound-Dataset/Inek/inek_1.wav,cow_35.wav
Animal-Sound-Dataset/Inek/inek_48.wav,cow_36.wav
Animal-Sound-Dataset/Inek/inek_51.wav,cow_37.wav
Animal-Sound-Dataset/Inek/inek_45.wav,cow_38.wav
Animal-Sound-Dataset/Inek/inek_44.wav,cow_39.wav
Animal-Sound-Dataset/Inek/inek_50.wav,cow_40.wav
Animal-Sound-Dataset/Inek/inek_46.wav,cow_41.wav
Animal-Sound-Dataset/Inek/inek_52.wav,cow_42.wav
Animal-Sound-Dataset/Inek/inek_53.wav,cow_43.wav
Animal-Sound-Dataset/Inek/inek_47.wav,cow_44.wav
Animal-Sound-Dataset/Inek/inek_43.wav,cow_45.wav
Animal-Sound-Dataset/Inek/inek_57.wav,cow_46.wav
Animal-Sound-Dataset/Inek/inek_56.wav,cow_47.wav
Animal-Sound-Dataset/Inek/inek_42.wav,cow_48.wav
Animal-Sound-Dataset/Inek/inek_68.wav,cow_49.wav
Animal-Sound-Dataset/Inek/inek_9.wav,cow_50.wav
Animal-Sound-Dataset/Inek/inek_54.wav,cow_51.wav
Animal-Sound-Dataset/Inek/inek_40.wav,cow_52.wav
Animal-Sound-Dataset/Inek/inek_41.wav,cow_53.wav
Animal-Sound-Dataset/Inek/inek_8.wav,cow_54.wav
Animal-Sound-Dataset/Inek/inek_55.wav,cow_55.wav
Animal-Sound-Dataset/Inek/inek_69.wav,cow_56.wav
Animal-Sound-Dataset/Inek/inek_32.wav,cow_57.wav
Animal-Sound-Dataset/Inek/inek_26.wav,cow_58.wav
Animal-Sound-Dataset/Inek/inek_27.wav,cow_59.wav
Animal-Sound-Dataset/Inek/inek_33.wav,cow_60.wav
Animal-Sound-Dataset/Inek/inek_25.wav,cow_61.wav
Animal-Sound-Dataset/Inek/inek_31.wav,cow_62.wav
Animal-Sound-Dataset/Inek/inek_19.wav,cow_63.wav
Animal-Sound-Dataset/Inek/inek_18.wav,cow_64.wav
Animal-Sound-Dataset/Inek/inek_30.wav,cow_65.wav
Animal-Sound-Dataset/Inek/inek_24.wav,cow_66.wav
Animal-Sound-Dataset/Inek/inek_20.wav,cow_67.wav
Animal-Sound-Dataset/Inek/inek_34.wav,cow_68.wav
Animal-Sound-Dataset/Inek/inek_35.wav,cow_69.wav
Animal-Sound-Dataset/Inek/inek_21.wav,cow_70.wav
Animal-Sound-Dataset/Inek/inek_37.wav,cow_71.wav
Animal-Sound-Dataset/Inek/inek_23.wav,cow_72.wav
Animal-Sound-Dataset/Inek/inek_22.wav,cow_73.wav
Animal-Sound-Dataset/Inek/inek_36.wav,cow_74.wav
ESC-50/audio/1-16568-A-3.wav,cow_75.wav
ESC-50/audio/1-202111-A-3.wav,cow_76.wav
ESC-50/audio/1-58277-A-3.wav,cow_77.wav
ESC-50/audio/1-69422-A-3.wav,cow_78.wav
ESC-50/audio/1-69641-A-3.wav,cow_79.wav
ESC-50/audio/1-77160-A-3.wav,cow_80.wav
ESC-50/audio/1-77241-A-3.wav,cow_81.wav
ESC-50/audio/1-81269-A-3.wav,cow_82.wav
ESC-50/audio/2-103423-A-3.wav,cow_83.wav
ESC-50/audio/2-103424-A-3.wav,cow_84.wav
ESC-50/audio/2-103426-A-3.wav,cow_85.wav
ESC-50/audio/2-103427-A-3.wav,cow_86.wav
ESC-50/audio/2-103428-A-3.wav,cow_87.wav
ESC-50/audio/2-104877-A-3.wav,cow_88.wav
ESC-50/audio/2-117795-A-3.wav,cow_89.wav
ESC-50/audio/2-117795-B-3.wav,cow_90.wav
ESC-50/audio/3-124376-A-3.wav,cow_91.wav
ESC-50/audio/3-124376-B-3.wav,cow_92.wav
ESC-50/audio/3-126358-A-3.wav,cow_93.wav
ESC-50/audio/3-126358-B-3.wav,cow_94.wav
ESC-50/audio/3-152039-A-3.wav,cow_95.wav
ESC-50/audio/3-152039-B-3.wav,cow_96.wav
ESC-50/audio/3-160993-A-3.wav,cow_97.wav
ESC-50/audio/3-163727-A-3.wav,cow_98.wav
ESC-50/audio/4-174860-A-3.wav,cow_99.wav
ESC-50/audio/4-174860-B-3.wav,cow_100.wav
ESC-50/audio/4-181955-A-3.wav,cow_101.wav
ESC-50/audio/4-181955-B-3.wav,cow_102.wav
ESC-50/audio/4-181955-C-3.wav,cow_103.wav
ESC-50/audio/4-213915-A-3.wav,cow_104.wav
ESC-50/audio/4-213915-B-3.wav,cow_105.wav
ESC-50/audio/4-213915-C-3.wav,cow_106.wav
ESC-50/audio/5-194899-A-3.wav,cow_107.wav
ESC-50/audio/5-194899-B-3.wav,cow_108.wav
ESC-50/audio/5-194899-C-3.wav,cow_109.wav
ESC-50/audio/5-194899-D-3.wav,cow_110.wav
ESC-50/audio/5-202795-A-3.wav,cow_111.wav
ESC-50/audio/5-242492-A-3.wav,cow_112.wav
ESC-50/audio/5-253085-A-3.wav,cow_113.wav
ESC-50/audio/5-253085-B-3.wav,cow_114.wav
Animal-Sound-Dataset/Tavuk/tavuk_22.wav,hen_0.wav
Animal-Sound-Dataset/Tavuk/tavuk_23.wav,hen_1.wav
Animal-Sound-Dataset/Tavuk/tavuk_21.wav,hen_2.wav
Animal-Sound-Dataset/Tavuk/tavuk_20.wav,hen_3.wav
Animal-Sound-Dataset/Tavuk/tavuk_30.wav,hen_4.wav
Animal-Sound-Dataset/Tavuk/tavuk_24.wav,hen_5.wav
Animal-Sound-Dataset/Tavuk/tavuk_18.wav,hen_6.wav
Animal-Sound-Dataset/Tavuk/tavuk_19.wav,hen_7.wav
Animal-Sound-Dataset/Tavuk/tavuk_25.wav,hen_8.wav
Animal-Sound-Dataset/Tavuk/tavuk_27.wav,hen_9.wav
Animal-Sound-Dataset/Tavuk/tavuk_26.wav,hen_10.wav
Animal-Sound-Dataset/Tavuk/tavuk_8.wav,hen_11.wav
Animal-Sound-Dataset/Tavuk/tavuk_9.wav,hen_12.wav
Animal-Sound-Dataset/Tavuk/tavuk_2.wav,hen_13.wav
Animal-Sound-Dataset/Tavuk/tavuk_3.wav,hen_14.wav
Animal-Sound-Dataset/Tavuk/tavuk_1.wav,hen_15.wav
Animal-Sound-Dataset/Tavuk/tavuk_4.wav,hen_16.wav
Animal-Sound-Dataset/Tavuk/tavuk_5.wav,hen_17.wav
Animal-Sound-Dataset/Tavuk/tavuk_7.wav,hen_18.wav
Animal-Sound-Dataset/Tavuk/tavuk_6.wav,hen_19.wav
Animal-Sound-Dataset/Tavuk/tavuk_17.wav,hen_20.wav
Animal-Sound-Dataset/Tavuk/tavuk_16.wav,hen_21.wav
Animal-Sound-Dataset/Tavuk/tavuk_28.wav,hen_22.wav
Animal-Sound-Dataset/Tavuk/tavuk_14.wav,hen_23.wav
Animal-Sound-Dataset/Tavuk/tavuk_15.wav,hen_24.wav
Animal-Sound-Dataset/Tavuk/tavuk_29.wav,hen_25.wav
Animal-Sound-Dataset/Tavuk/tavuk_11.wav,hen_26.wav
Animal-Sound-Dataset/Tavuk/tavuk_10.wav,hen_27.wav
Animal-Sound-Dataset/Tavuk/tavuk_12.wav,hen_28.wav
Animal-Sound-Dataset/Tavuk/tavuk_13.wav,hen_29.wav
ESC-50/audio/1-18074-A-6.wav,hen_30.wav
ESC-50/audio/1-18074-B-6.wav,hen_31.wav
ESC-50/audio/1-31251-A-6.wav,hen_32.wav
ESC-50/audio/1-31251-B-6.wav,hen_33.wav
ESC-50/audio/1-5996-A-6.wav,hen_34.wav
ESC-50/audio/1-71030-A-6.wav,hen_35.wav
ESC-50/audio/1-72229-A-6.wav,hen_36.wav
ESC-50/audio/1-72229-B-6.wav,hen_37.wav
ESC-50/audio/2-120586-A-6.wav,hen_38.wav
ESC-50/audio/2-120587-A-6.wav,hen_39.wav
ESC-50/audio/2-127109-A-6.wav,hen_40.wav
ESC-50/audio/2-134049-A-6.wav,hen_41.wav
ESC-50/audio/2-157488-A-6.wav,hen_42.wav
ESC-50/audio/2-72268-A-6.wav,hen_43.wav
ESC-50/audio/2-75726-A-6.wav,hen_44.wav
ESC-50/audio/2-76868-A-6.wav,hen_45.wav
ESC-50/audio/3-164216-A-6.wav,hen_46.wav
ESC-50/audio/3-164216-B-6.wav,hen_47.wav
ESC-50/audio/3-164216-C-6.wav,hen_48.wav
ESC-50/audio/3-171281-A-6.wav,hen_49.wav
ESC-50/audio/3-178096-A-6.wav,hen_50.wav
ESC-50/audio/3-187549-A-6.wav,hen_51.wav
ESC-50/audio/3-187549-B-6.wav,hen_52.wav
ESC-50/audio/3-188390-A-6.wav,hen_53.wav
ESC-50/audio/4-197103-A-6.wav,hen_54.wav
ESC-50/audio/4-200330-A-6.wav,hen_55.wav
ESC-50/audio/4-200330-B-6.wav,hen_56.wav
ESC-50/audio/4-204830-A-6.wav,hen_57.wav
ESC-50/audio/4-232495-A-6.wav,hen_58.wav
ESC-50/audio/4-234879-A-6.wav,hen_59.wav
ESC-50/audio/4-244318-A-6.wav,hen_60.wav
ESC-50/audio/4-253649-A-6.wav,hen_61.wav
ESC-50/audio/5-244315-A-6.wav,hen_62.wav
ESC-50/audio/5-244315-B-6.wav,hen_63.wav
ESC-50/audio/5-244315-C-6.wav,hen_64.wav
ESC-50/audio/5-248341-A-6.wav,hen_65.wav
ESC-50/audio/5-248341-B-6.wav,hen_66.wav
ESC-50/audio/5-248341-C-6.wav,hen_67.wav
ESC-50/audio/5-263831-A-6.wav,hen_68.wav
ESC-50/audio/5-263831-B-6.wav,hen_69.wav
ESC-50/audio/1-103298-A-9.wav,crow_0.wav
ESC-50/audio/1-39835-A-9.wav,crow_1.wav
ESC-50/audio/1-39835-B-9.wav,crow_2.wav
ESC-50/audio/1-56233-A-9.wav,crow_3.wav
ESC-50/audio/1-56234-A-9.wav,crow_4.wav
ESC-50/audio/1-75162-A-9.wav,crow_5.wav
ESC-50/audio/1-96950-A-9.wav,crow_6.wav
ESC-50/audio/1-96950-B-9.wav,crow_7.wav
ESC-50/audio/2-108763-A-9.wav,crow_8.wav
ESC-50/audio/2-108766-A-9.wav,crow_9.wav
ESC-50/audio/2-108767-A-9.wav,crow_10.wav
ESC-50/audio/2-108767-B-9.wav,crow_11.wav
ESC-50/audio/2-108767-C-9.wav,crow_12.wav
ESC-50/audio/2-109231-A-9.wav,crow_13.wav
ESC-50/audio/2-109231-B-9.wav,crow_14.wav
ESC-50/audio/2-109231-C-9.wav,crow_15.wav
ESC-50/audio/3-112397-A-9.wav,crow_16.wav
ESC-50/audio/3-117293-A-9.wav,crow_17.wav
ESC-50/audio/3-121348-A-9.wav,crow_18.wav
ESC-50/audio/3-124925-A-9.wav,crow_19.wav
ESC-50/audio/3-127890-A-9.wav,crow_20.wav
ESC-50/audio/3-127890-B-9.wav,crow_21.wav
ESC-50/audio/3-127890-C-9.wav,crow_22.wav
ESC-50/audio/3-129264-A-9.wav,crow_23.wav
ESC-50/audio/4-136381-A-9.wav,crow_24.wav
ESC-50/audio/4-138344-A-9.wav,crow_25.wav
ESC-50/audio/4-145081-A-9.wav,crow_26.wav
ESC-50/audio/4-156227-A-9.wav,crow_27.wav
ESC-50/audio/4-159426-A-9.wav,crow_28.wav
ESC-50/audio/4-173865-A-9.wav,crow_29.wav
ESC-50/audio/4-173865-B-9.wav,crow_30.wav
ESC-50/audio/4-188287-A-9.wav,crow_31.wav
ESC-50/audio/5-213836-A-9.wav,crow_32.wav
ESC-50/audio/5-213836-B-9.wav,crow_33.wav
ESC-50/audio/5-213836-C-9.wav,crow_34.wav
ESC-50/audio/5-213836-D-9.wav,crow_35.wav
ESC-50/audio/5-214869-A-9.wav,crow_36.wav
ESC-50/audio/5-222041-A-9.wav,crow_37.wav
ESC-50/audio/5-242711-A-9.wav,crow_38.wav
ESC-50/audio/5-261325-A-9.wav,crow_39.wav
ESC-50/audio/1-26806-A-1.wav,rooster_0.wav
ESC-50/audio/1-27724-A-1.wav,rooster_1.wav
ESC-50/audio/1-34119-A-1.wav,rooster_2.wav
ESC-50/audio/1-34119-B-1.wav,rooster_3.wav
ESC-50/audio/1-39923-A-1.wav,rooster_4.wav
ESC-50/audio/1-40730-A-1.wav,rooster_5.wav
ESC-50/audio/1-43382-A-1.wav,rooster_6.wav
ESC-50/audio/1-44831-A-1.wav,rooster_7.wav
ESC-50/audio/2-100786-A-1.wav,rooster_8.wav
ESC-50/audio/2-65750-A-1.wav,rooster_9.wav
ESC-50/audio/2-71162-A-1.wav,rooster_10.wav
ESC-50/audio/2-81270-A-1.wav,rooster_11.wav
ESC-50/audio/2-95035-A-1.wav,rooster_12.wav
ESC-50/audio/2-95258-A-1.wav,rooster_13.wav
ESC-50/audio/2-95258-B-1.wav,rooster_14.wav
ESC-50/audio/2-96460-A-1.wav,rooster_15.wav
ESC-50/audio/3-107219-A-1.wav,rooster_16.wav
ESC-50/audio/3-116135-A-1.wav,rooster_17.wav
ESC-50/audio/3-134049-A-1.wav,rooster_18.wav
ESC-50/audio/3-137152-A-1.wav,rooster_19.wav
ESC-50/audio/3-145382-A-1.wav,rooster_20.wav
ESC-50/audio/3-149189-A-1.wav,rooster_21.wav
ESC-50/audio/3-154957-A-1.wav,rooster_22.wav
ESC-50/audio/3-163288-A-1.wav,rooster_23.wav
ESC-50/audio/4-164021-A-1.wav,rooster_24.wav
ESC-50/audio/4-164064-A-1.wav,rooster_25.wav
ESC-50/audio/4-164064-B-1.wav,rooster_26.wav
ESC-50/audio/4-164064-C-1.wav,rooster_27.wav
ESC-50/audio/4-164859-A-1.wav,rooster_28.wav
ESC-50/audio/4-170078-A-1.wav,rooster_29.wav
ESC-50/audio/4-183487-A-1.wav,rooster_30.wav
ESC-50/audio/4-208021-A-1.wav,rooster_31.wav
ESC-50/audio/5-194930-A-1.wav,rooster_32.wav
ESC-50/audio/5-194930-B-1.wav,rooster_33.wav
ESC-50/audio/5-200334-A-1.wav,rooster_34.wav
ESC-50/audio/5-200334-B-1.wav,rooster_35.wav
ESC-50/audio/5-200339-A-1.wav,rooster_36.wav
ESC-50/audio/5-233160-A-1.wav,rooster_37.wav
ESC-50/audio/5-234879-A-1.wav,rooster_38.wav
ESC-50/audio/5-234879-B-1.wav,rooster_39.wav
ESC-50/audio/1-208757-A-2.wav,pig_0.wav
ESC-50/audio/1-208757-B-2.wav,pig_1.wav
ESC-50/audio/1-208757-C-2.wav,pig_2.wav
ESC-50/audio/1-208757-D-2.wav,pig_3.wav
ESC-50/audio/1-208757-E-2.wav,pig_4.wav
ESC-50/audio/1-260640-A-2.wav,pig_5.wav
ESC-50/audio/1-260640-B-2.wav,pig_6.wav
ESC-50/audio/1-260640-C-2.wav,pig_7.wav
ESC-50/audio/2-158746-A-2.wav,pig_8.wav
ESC-50/audio/2-158746-B-2.wav,pig_9.wav
ESC-50/audio/2-158746-C-2.wav,pig_10.wav
ESC-50/audio/2-158746-D-2.wav,pig_11.wav
ESC-50/audio/2-166644-A-2.wav,pig_12.wav
ESC-50/audio/2-166644-B-2.wav,pig_13.wav
ESC-50/audio/2-166644-C-2.wav,pig_14.wav
ESC-50/audio/2-37870-A-2.wav,pig_15.wav
ESC-50/audio/3-233151-A-2.wav,pig_16.wav
ESC-50/audio/3-253081-A-2.wav,pig_17.wav
ESC-50/audio/3-253084-A-2.wav,pig_18.wav
ESC-50/audio/3-253084-B-2.wav,pig_19.wav
ESC-50/audio/3-253084-C-2.wav,pig_20.wav
ESC-50/audio/3-253084-D-2.wav,pig_21.wav
ESC-50/audio/3-253084-E-2.wav,pig_22.wav
ESC-50/audio/3-257858-A-2.wav,pig_23.wav
ESC-50/audio/4-132383-A-2.wav,pig_24.wav
ESC-50/audio/4-132383-B-2.wav,pig_25.wav
ESC-50/audio/4-147240-A-2.wav,pig_26.wav
ESC-50/audio/4-147240-B-2.wav,pig_27.wav
ESC-50/audio/4-234644-A-2.wav,pig_28.wav
ESC-50/audio/4-250869-A-2.wav,pig_29.wav
ESC-50/audio/4-250869-B-2.wav,pig_30.wav
ESC-50/audio/4-250869-C-2.wav,pig_31.wav
ESC-50/audio/5-103415-A-2.wav,pig_32.wav
ESC-50/audio/5-103416-A-2.wav,pig_33.wav
ESC-50/audio/5-103418-A-2.wav,pig_34.wav
ESC-50/audio/5-103420-A-2.wav,pig_35.wav
ESC-50/audio/5-103421-A-2.wav,pig_36.wav
ESC-50/audio/5-103422-A-2.wav,pig_37.wav
ESC-50/audio/5-117250-A-2.wav,pig_38.wav
ESC-50/audio/5-127990-A-2.wav,pig_39.wav
